[
    {
        "type": "strength",
        "intensity": 5,
        "level_before": 35,
        "level_after": 35,
        "hp_before": 150,
        "hp_after": 150,
        "time": "2025-11-29 09:29:05",
        "detail": "Latihan Strength meningkatkan kekuatan serangan api Arcanine."
    },
    {
        "type": "speed",
        "intensity": 8,
        "level_before": 35,
        "level_after": 36,
        "hp_before": 150,
        "hp_after": 155,
        "time": "2025-11-29 09:29:43",
        "detail": "Latihan Speed membuat Arcanine berlari secepat kilat."
    }
]